grupo,categoria_normalizada,sintoma,categoria,principio_activo,nombre_comercial,presentacion,clasificacion_venta,contraindicaciones_clave,advertencia_seria,fuente
dolor_fiebre_inflamacion,analgesico_antipiretico,dolor de cabeza leve,analgésico/antipirético,paracetamol,Tempra,tabletas; seguir instrucciones del empaque,Libre venta en México (OTC; no requiere receta),"Enfermedad hepática grave, alergia al paracetamol, consumo excesivo de alcohol o uso simultáneo de otros productos con paracetamol",NO,PLM; COFEPRIS
dolor_fiebre_inflamacion,analgesico_antipiretico,fiebre leve asociada a resfriado,analgésico/antipirético,paracetamol,Tempra,solución oral; seguir instrucciones del empaque,Libre venta en México (OTC; no requiere receta),"Enfermedad hepática grave, alergia al paracetamol, consumo excesivo de alcohol o duplicidad con otros productos para gripe que contengan paracetamol",NO,PLM; COFEPRIS
dolor_fiebre_inflamacion,analgesico_antipiretico,dolor dental leve,analgésico/antipirético,paracetamol,Tylenol Caplets,tabletas; seguir instrucciones del empaque,Libre venta en México (OTC; no requiere receta),"Enfermedad hepática grave, alergia al paracetamol, consumo excesivo de alcohol o uso simultáneo de otros productos con paracetamol",NO,PLM; COFEPRIS
dolor_fiebre_inflamacion,analgesico_antipiretico,dolor muscular leve,analgésico/antipirético,paracetamol,Tylex,tabletas; seguir instrucciones del empaque,Libre venta en México (OTC; no requiere receta),"Enfermedad hepática grave, alergia al paracetamol, consumo excesivo de alcohol o uso simultáneo de otros productos con paracetamol",NO,PLM; COFEPRIS
dolor_fiebre_inflamacion,analgesico_antipiretico,fiebre posterior a vacunación,analgésico/antipirético,paracetamol,Tylenol Infantil,suspensión infantil; seguir instrucciones del empaque,Libre venta en México (OTC; no requiere receta),"Alergia al paracetamol, enfermedad hepática grave, no usar sin confirmar la edad y el peso indicados en el empaque, evitar duplicidad con otros productos con paracetamol",NO,PLM; COFEPRIS
dolor_fiebre_inflamacion,analgesico_antipiretico,dolor leve asociado a dentición,analgésico/antipirético,paracetamol,Sedalito Infantil,tabletas masticables; seguir instrucciones del empaque,Libre venta en México (OTC; no requiere receta),"Alergia al paracetamol, enfermedad hepática grave, no usar sin confirmar la edad y el peso indicados en el empaque, evitar duplicidad con otros productos con paracetamol",NO,PLM; COFEPRIS
dolor_fiebre_inflamacion,analgesico_antipiretico,dolor menstrual leve,analgésico/antipirético,paracetamol,Paracetamol genérico,tabletas; seguir instrucciones del empaque,Libre venta en México (OTC; no requiere receta),"Enfermedad hepática grave, alergia al paracetamol, consumo excesivo de alcohol o uso simultáneo de otros productos con paracetamol",NO,COFEPRIS; Cuadro Básico CSG
dolor_fiebre_inflamacion,analgesico_antipiretico,dolor de espalda leve,analgésico/antipirético,paracetamol,Paracetamol genérico,cápsulas o tabletas; seguir instrucciones del empaque,Libre venta en México (OTC; no requiere receta),"Enfermedad hepática grave, alergia al paracetamol, consumo excesivo de alcohol o uso simultáneo de otros productos con paracetamol",NO,COFEPRIS; Cuadro Básico CSG
dolor_fiebre_inflamacion,analgesico_antipiretico,fiebre muy alta o persistente,analgésico/antipirético,paracetamol,Tempra Forte,tabletas; seguir instrucciones del empaque,Libre venta en México (OTC; no requiere receta),"No usar para retrasar valoración médica urgente; además evitar en enfermedad hepática grave, alergia al paracetamol o duplicidad con otros productos con paracetamol",SI,PLM; COFEPRIS
dolor_fiebre_inflamacion,analgesico_antipiretico,dolor de cabeza súbito e intenso,analgésico/antipirético,paracetamol,Tylenol Caplets,tabletas; seguir instrucciones del empaque,Libre venta en México (OTC; no requiere receta),"No automedicarse ni retrasar atención inmediata, especialmente si hay debilidad, dificultad para hablar, desmayo o rigidez de cuello; evitar en enfermedad hepática grave",SI,PLM; COFEPRIS
dolor_fiebre_inflamacion,aine_oral,dolor de cabeza leve con inflamación,AINE oral,ibuprofeno,Advil,cápsulas; seguir instrucciones del empaque,Libre venta en México (OTC; no requiere receta),"Alergia a AINE o aspirina, úlcera o sangrado gastrointestinal, enfermedad renal grave, insuficiencia cardiaca grave, embarazo en tercer trimestre o uso simultáneo de otros AINE",NO,PLM; COFEPRIS
dolor_fiebre_inflamacion,aine_oral,dolor dental con inflamación leve,AINE oral,ibuprofeno,Actron,cápsulas; seguir instrucciones del empaque,Libre venta en México (OTC; no requiere receta),"Alergia a AINE o aspirina, úlcera o sangrado gastrointestinal, enfermedad renal grave, insuficiencia cardiaca grave, embarazo en tercer trimestre o uso simultáneo de otros AINE",NO,PLM; COFEPRIS
dolor_fiebre_inflamacion,aine_oral,cólicos menstruales,AINE oral,ibuprofeno,Motrin,tabletas; seguir instrucciones del empaque,Libre venta en México (OTC; no requiere receta),"Alergia a AINE o aspirina, úlcera o sangrado gastrointestinal, enfermedad renal grave, insuficiencia cardiaca grave, embarazo en tercer trimestre o uso simultáneo de otros AINE",NO,PLM; COFEPRIS
dolor_fiebre_inflamacion,aine_oral,dolor por torcedura leve,AINE oral,ibuprofeno,Ibuprofeno genérico,tabletas; seguir instrucciones del empaque,Libre venta en México (OTC; no requiere receta),"Alergia a AINE o aspirina, úlcera o sangrado gastrointestinal, enfermedad renal grave, insuficiencia cardiaca grave, embarazo en tercer trimestre o uso simultáneo de otros AINE",NO,COFEPRIS; Cuadro Básico CSG
dolor_fiebre_inflamacion,aine_oral,dolor lumbar leve,AINE oral,ibuprofeno,Ibuprofeno genérico,cápsulas; seguir instrucciones del empaque,Libre venta en México (OTC; no requiere receta),"Alergia a AINE o aspirina, úlcera o sangrado gastrointestinal, enfermedad renal grave, insuficiencia cardiaca grave, embarazo en tercer trimestre o uso simultáneo de otros AINE",NO,COFEPRIS; Cuadro Básico CSG
dolor_fiebre_inflamacion,aine_oral,fiebre y malestar corporal,AINE oral,ibuprofeno,Ibuprofeno genérico,suspensión oral; seguir instrucciones del empaque,Libre venta en México (OTC; no requiere receta),"Alergia a AINE o aspirina, deshidratación importante, úlcera o sangrado gastrointestinal, enfermedad renal grave, embarazo en tercer trimestre; en menores confirmar edad y peso del empaque",NO,COFEPRIS; Cuadro Básico CSG
dolor_fiebre_inflamacion,aine_oral,dolor posterior a vacunación,AINE oral,ibuprofeno,Actron Pediátrico,suspensión pediátrica; seguir instrucciones del empaque,Libre venta en México (OTC; no requiere receta),"Alergia a AINE o aspirina, deshidratación importante, úlcera o sangrado gastrointestinal, enfermedad renal grave; no usar sin confirmar edad y peso indicados en el empaque",NO,PLM; COFEPRIS
dolor_fiebre_inflamacion,analgesico_combinado,migraña habitual previamente diagnosticada,analgésico combinado/AINE oral,ibuprofeno y cafeína,Actron Plus,cápsulas; seguir instrucciones del empaque,Libre venta en México (OTC; no requiere receta),"Contraindicaciones de los AINE, embarazo en tercer trimestre, sensibilidad a la cafeína, arritmias o hipertensión no controlada; evitar otros AINE y exceso de cafeína",NO,PLM; COFEPRIS
dolor_fiebre_inflamacion,aine_topico,dolor muscular localizado,AINE tópico,ibuprofeno,Actron Gel,gel tópico; seguir instrucciones del empaque,Libre venta en México (OTC; no requiere receta),"Alergia a AINE o aspirina, piel lesionada, heridas, ojos o mucosas, embarazo en tercer trimestre; no aplicar en áreas extensas sin orientación profesional",NO,PLM; COFEPRIS
dolor_fiebre_inflamacion,aine_oral,cólicos menstruales con inflamación,AINE oral,naproxeno sódico,Flanax,tabletas; seguir instrucciones del empaque,Libre venta en México (OTC; no requiere receta),"Alergia a AINE o aspirina, úlcera o sangrado gastrointestinal, enfermedad renal grave, insuficiencia cardiaca grave, embarazo en tercer trimestre o uso simultáneo de otros AINE",NO,PLM; COFEPRIS
dolor_fiebre_inflamacion,aine_oral,dolor articular leve,AINE oral,naproxeno sódico,Analgen,tabletas; seguir instrucciones del empaque,Libre venta en México (OTC; no requiere receta),"Alergia a AINE o aspirina, úlcera o sangrado gastrointestinal, enfermedad renal grave, insuficiencia cardiaca grave, embarazo en tercer trimestre o uso simultáneo de otros AINE",NO,PLM; COFEPRIS
dolor_fiebre_inflamacion,aine_oral,dolor de espalda con inflamación leve,AINE oral,naproxeno sódico,Aleve,tabletas; seguir instrucciones del empaque,Libre venta en México (OTC; no requiere receta),"Alergia a AINE o aspirina, úlcera o sangrado gastrointestinal, enfermedad renal grave, insuficiencia cardiaca grave, embarazo en tercer trimestre o uso simultáneo de otros AINE",NO,PLM; COFEPRIS
dolor_fiebre_inflamacion,aine_oral,dolor dental con inflamación,AINE oral,naproxeno sódico,Naproxeno sódico genérico,tabletas; seguir instrucciones del empaque,Libre venta en México (OTC; no requiere receta),"Alergia a AINE o aspirina, úlcera o sangrado gastrointestinal, enfermedad renal grave, insuficiencia cardiaca grave, embarazo en tercer trimestre o uso simultáneo de otros AINE",NO,COFEPRIS; Cuadro Básico CSG
dolor_fiebre_inflamacion,aine_oral,dolor de garganta leve,AINE oral,naproxeno,Dafloxen,suspensión oral; seguir instrucciones del empaque,Libre venta en México (OTC; no requiere receta),"Alergia a AINE o aspirina, úlcera o sangrado gastrointestinal, enfermedad renal grave, deshidratación importante, embarazo en tercer trimestre; en menores confirmar edad y peso del empaque",NO,PLM; COFEPRIS
dolor_fiebre_inflamacion,aine_oral,dolor e inflamación por golpe menor,AINE oral,naproxeno sódico,Naproxeno sódico genérico,tabletas; seguir instrucciones del empaque,Libre venta en México (OTC; no requiere receta),"Alergia a AINE o aspirina, úlcera o sangrado gastrointestinal, enfermedad renal grave, insuficiencia cardiaca grave, embarazo en tercer trimestre o uso simultáneo de otros AINE",NO,COFEPRIS; Cuadro Básico CSG
dolor_fiebre_inflamacion,aine_oral,dolor de cabeza leve,AINE oral/analgésico-antipirético,ácido acetilsalicílico,Aspirina Bayer,tabletas; seguir instrucciones del empaque,Libre venta en México (OTC; no requiere receta),"Menores o adolescentes con infección viral, alergia a aspirina o AINE, úlcera o sangrado, trastornos hemorrágicos, anticoagulantes, embarazo en tercer trimestre o asma inducida por aspirina",NO,PLM; COFEPRIS
dolor_fiebre_inflamacion,analgesico_combinado,dolor de cabeza con cansancio,analgésico combinado,ácido acetilsalicílico y cafeína,Cafiaspirina,tabletas; seguir instrucciones del empaque,Libre venta en México (OTC; no requiere receta),"Menores o adolescentes con infección viral, úlcera o sangrado, anticoagulantes, alergia a aspirina, embarazo en tercer trimestre, sensibilidad a la cafeína o hipertensión no controlada",NO,PLM; COFEPRIS
dolor_fiebre_inflamacion,analgesico_combinado,dolor de cabeza o muscular leve,analgésico combinado,"ácido acetilsalicílico, paracetamol y cafeína",Bio-Electro,tabletas; seguir instrucciones del empaque,Libre venta en México (OTC; no requiere receta),"Menores o adolescentes con infección viral, enfermedad hepática grave, úlcera o sangrado, anticoagulantes, alergia a AINE, embarazo en tercer trimestre, sensibilidad a la cafeína o uso simultáneo de paracetamol",NO,PLM; COFEPRIS
dolor_fiebre_inflamacion,aine_oral,dolor de pecho,AINE oral/antiagregante,ácido acetilsalicílico,Aspirina Bayer,tabletas; seguir instrucciones del empaque,Libre venta en México (OTC; no requiere receta),"No automedicarse ni retrasar atención inmediata; usar solo si lo indica un servicio de emergencias. Evitar con alergia a aspirina, sangrado activo, anticoagulantes o úlcera",SI,COFEPRIS; PLM
dolor_fiebre_inflamacion,aine_topico,dolor de cuello o espalda localizado,AINE tópico,diclofenaco dietilamonio,Voltaren Emulgel,gel tópico; seguir instrucciones del empaque,Libre venta en México (OTC; no requiere receta),"Alergia a diclofenaco, aspirina u otros AINE, piel lesionada, heridas, ojos o mucosas, embarazo en tercer trimestre; no aplicar en áreas extensas sin orientación profesional",NO,PLM; COFEPRIS
dolor_fiebre_inflamacion,aine_topico,dolor por esguince o contusión leve,AINE tópico,diclofenaco dietilamonio,Volfenac Gel,gel tópico; seguir instrucciones del empaque,Libre venta en México (OTC; no requiere receta),"Alergia a diclofenaco, aspirina u otros AINE, piel lesionada, heridas, ojos o mucosas, embarazo en tercer trimestre; no aplicar en áreas extensas sin orientación profesional",NO,PLM; COFEPRIS
dolor_fiebre_inflamacion,aine_topico,dolor articular localizado,AINE tópico,diclofenaco,Diclofenaco gel genérico,gel tópico; seguir instrucciones del empaque,Libre venta en México (OTC; no requiere receta),"Alergia a diclofenaco, aspirina u otros AINE, piel lesionada, heridas, ojos o mucosas, embarazo en tercer trimestre; no combinar con otros AINE sin orientación profesional",NO,COFEPRIS; PLM
dolor_fiebre_inflamacion,analgesico_combinado,migraña habitual previamente diagnosticada,analgésico combinado,paracetamol y cafeína,Sedalmerck Max,tabletas; seguir instrucciones del empaque,Libre venta en México (OTC; no requiere receta),"Enfermedad hepática grave, alergia al paracetamol, consumo excesivo de alcohol, uso simultáneo de otros productos con paracetamol, sensibilidad a la cafeína o hipertensión no controlada",NO,PLM; COFEPRIS
dolor_fiebre_inflamacion,analgesico_antipiretico,"fiebre con rigidez de cuello, confusión o sarpullido",analgésico/antipirético,paracetamol,Tylenol Infantil,suspensión infantil; seguir instrucciones del empaque,Libre venta en México (OTC; no requiere receta),"No usar para retrasar atención médica inmediata; además evitar en alergia al paracetamol, enfermedad hepática grave o duplicidad con otros productos con paracetamol",SI,PLM; COFEPRIS
dolor_fiebre_inflamacion,analgesico_antipiretico,dolor después de golpe en la cabeza con desmayo o confusión,analgésico/antipirético,paracetamol,Paracetamol genérico,tabletas; seguir instrucciones del empaque,Libre venta en México (OTC; no requiere receta),"No automedicarse ni retrasar atención inmediata; evitar en enfermedad hepática grave, alergia al paracetamol o uso simultáneo de otros productos con paracetamol",SI,COFEPRIS; Cuadro Básico CSG
herbolaria_vitaminas,vitamina_suplemento,fatiga o cansancio ocasional asociado con alimentación insuficiente,vitamina/suplemento,"vitamina C, vitamina D y zinc",Redoxon AOX Triple Acción,tabletas efervescentes; seguir instrucciones del empaque,Venta libre en México; suplemento alimenticio; etiquetado nutrimental sujeto a NOM-086-SSA1 cuando aplique; no requiere receta,"Enfermedad renal, hipercalcemia, antecedentes de cálculos renales, exceso de vitamina D o uso simultáneo de otros suplementos con los mismos componentes",NO,Fabricante; COFEPRIS; NOM-086-SSA1 
herbolaria_vitaminas,vitamina_suplemento,cansancio leve asociado con ingesta insuficiente de vitaminas del complejo B,vitamina/suplemento,vitaminas del complejo B,Coplefor Complejo B CMD,cápsulas; seguir instrucciones del empaque,Venta libre en México; suplemento alimenticio; etiquetado nutrimental sujeto a NOM-086-SSA1 cuando aplique; no requiere receta,"Alergia a los componentes, enfermedad hepática o renal, embarazo o lactancia sin orientación profesional; evitar duplicar vitaminas del complejo B",NO,Fabricante y distribuidor autorizado; COFEPRIS; NOM-086-SSA1 
herbolaria_vitaminas,vitamina_suplemento,fatiga leve durante periodos de actividad física o mental,vitamina/suplemento,"vitaminas del complejo B, moringa, inositol y magnesio",Greenside Complejo B,tabletas; seguir instrucciones del empaque,Venta libre en México; suplemento alimenticio; etiquetado nutrimental sujeto a NOM-086-SSA1 cuando aplique; no requiere receta,"Enfermedad renal, alergia a los componentes, embarazo o lactancia sin orientación profesional; precaución con medicamentos que afecten el magnesio",NO,Fabricante y distribuidor autorizado; COFEPRIS; NOM-086-SSA1 
herbolaria_vitaminas,vitamina_suplemento,cansancio leve asociado con actividad física,vitamina/suplemento,"L-carnitina y vitaminas B1, B5, B6 y B12",L-Carnitina Complejo B 5H8,cápsulas; seguir instrucciones del empaque,Venta libre en México; suplemento alimenticio; etiquetado nutrimental sujeto a NOM-086-SSA1 cuando aplique; no requiere receta,"Alergia a los componentes, enfermedad renal, antecedentes de convulsiones, embarazo o lactancia sin orientación profesional",NO,Fabricante y distribuidor autorizado; COFEPRIS; NOM-086-SSA1 
herbolaria_vitaminas,vitamina_suplemento,fatiga relacionada con posible deficiencia de hierro confirmada,vitamina/suplemento,hierro,Hierro GNC,cápsulas; seguir instrucciones del empaque,Venta libre en México; suplemento alimenticio; etiquetado nutrimental sujeto a NOM-086-SSA1 cuando aplique; no requiere receta,"Hemocromatosis, anemia no causada por falta de hierro, enfermedad hepática, úlcera gastrointestinal o uso sin análisis que confirme deficiencia; mantener fuera del alcance infantil",NO,Fabricante y distribuidor autorizado; COFEPRIS; NOM-086-SSA1 
herbolaria_vitaminas,vitamina_suplemento,"fatiga extrema persistente, palidez, desmayo o falta de aire",vitamina/suplemento,hierro,Hierro GNC,cápsulas; seguir instrucciones del empaque,Venta libre en México; suplemento alimenticio; etiquetado nutrimental sujeto a NOM-086-SSA1 cuando aplique; no requiere receta,"No automedicarse ni retrasar valoración médica; contraindicado en sobrecarga de hierro, anemia de causa desconocida o enfermedad hepática grave",SI,Fabricante y distribuidor autorizado; COFEPRIS; NOM-086-SSA1 
herbolaria_vitaminas,vitamina_suplemento,ingesta insuficiente de vitamina C,vitamina/suplemento,ácido ascórbico o vitamina C,Vitamina C GNC Frutas Mixtas,tabletas masticables; seguir instrucciones del empaque,Venta libre en México; suplemento alimenticio; etiquetado nutrimental sujeto a NOM-086-SSA1 cuando aplique; no requiere receta,"Enfermedad renal, antecedentes de cálculos renales, hemocromatosis o uso simultáneo de otros suplementos con vitamina C",NO,Fabricante y distribuidor autorizado; COFEPRIS; NOM-086-SSA1 
herbolaria_vitaminas,vitamina_suplemento,ingesta insuficiente de vitamina C con dificultad para tragar tabletas,vitamina/suplemento,ácido ascórbico o vitamina C,Nordic Naturals Vitamina C,gomitas; seguir instrucciones del empaque,Venta libre en México; suplemento alimenticio; etiquetado nutrimental sujeto a NOM-086-SSA1 cuando aplique; no requiere receta,"Enfermedad renal, cálculos renales, hemocromatosis, diabetes si contiene azúcares o alergia a los componentes",NO,Fabricante y distribuidor autorizado; COFEPRIS; NOM-086-SSA1 
herbolaria_vitaminas,vitamina_suplemento,resfriado común como complemento nutricional,vitamina/suplemento,ácido ascórbico o vitamina C,Redoxon Vitamina C,tabletas efervescentes; seguir instrucciones del empaque,Venta libre en México; complemento o suplemento alimenticio; etiquetado nutrimental sujeto a NOM-086-SSA1 cuando aplique; no requiere receta,"Enfermedad renal, cálculos renales, hemocromatosis, restricción de sodio o uso simultáneo de otros productos con vitamina C",NO,Fabricante; COFEPRIS; NOM-086-SSA1 
herbolaria_vitaminas,vitamina_suplemento,resfriado común infantil como complemento nutricional,vitamina/suplemento,ácido ascórbico o vitamina C,Redoxon Infantil,tabletas masticables; seguir instrucciones del empaque,Venta libre en México; complemento alimenticio; etiquetado nutrimental sujeto a NOM-086-SSA1 cuando aplique; no requiere receta,"No usar fuera de la edad indicada en el empaque; enfermedad renal, cálculos renales, hemocromatosis o duplicidad con otros suplementos de vitamina C",NO,Fabricante; COFEPRIS; NOM-086-SSA1 
herbolaria_vitaminas,vitamina_suplemento,apoyo nutricional infantil durante temporada de resfriados,vitamina/suplemento,"vitamina C, vitamina D y zinc",GNC Milestones Vitamina C y D más Zinc,gomitas infantiles; seguir instrucciones del empaque,Venta libre en México; suplemento alimenticio; etiquetado nutrimental sujeto a NOM-086-SSA1 cuando aplique; no requiere receta,"No usar fuera de la edad indicada; enfermedad renal, hipercalcemia, cálculos renales, alergia a los componentes o duplicidad con otros multivitamínicos",NO,Fabricante y distribuidor autorizado; COFEPRIS; NOM-086-SSA1 
herbolaria_vitaminas,vitamina_suplemento,alimentación infantil poco variada con posible ingesta insuficiente de micronutrientes,vitamina/suplemento,"vitaminas A, C, D, E, complejo B, zinc, calcio, hierro y manganeso",GNC Milestones Multivitamínico Infantil,tabletas masticables; seguir instrucciones del empaque,Venta libre en México; suplemento alimenticio; etiquetado nutrimental sujeto a NOM-086-SSA1 cuando aplique; no requiere receta,"No usar fuera de la edad indicada; evitar combinar con otros multivitamínicos; precaución en enfermedad renal, hepática o trastornos de acumulación de hierro",NO,Fabricante y distribuidor autorizado; COFEPRIS; NOM-086-SSA1 
herbolaria_vitaminas,vitamina_suplemento,posible ingesta insuficiente de vitamina D y calcio,vitamina/suplemento,"citrato de calcio, magnesio y vitamina D3",GNC Calcio con Magnesio y Vitamina D3,tabletas; seguir instrucciones del empaque,Venta libre en México; suplemento alimenticio; etiquetado nutrimental sujeto a NOM-086-SSA1 cuando aplique; no requiere receta,"Hipercalcemia, enfermedad renal, cálculos renales, exceso de vitamina D o interacción con medicamentos tiroideos y ciertos antibióticos",NO,Fabricante y distribuidor autorizado; COFEPRIS; NOM-086-SSA1 
herbolaria_vitaminas,vitamina_suplemento,posible ingesta insuficiente de vitamina B12 acompañada de cansancio leve,vitamina/suplemento,"vitaminas B1, B5, B6 y B12",L-Carnitina Complejo B 5H8,cápsulas; seguir instrucciones del empaque,Venta libre en México; suplemento alimenticio; etiquetado nutrimental sujeto a NOM-086-SSA1 cuando aplique; no requiere receta,"La deficiencia de vitamina B12 debe confirmarse si es persistente; precaución en enfermedad renal, antecedentes de convulsiones o uso simultáneo de otros complejos B",NO,Fabricante y distribuidor autorizado; COFEPRIS; NOM-086-SSA1 
herbolaria_vitaminas,vitamina_suplemento,"entumecimiento, debilidad marcada o problemas de equilibrio asociados con posible deficiencia de vitamina B12",vitamina/suplemento,vitaminas del complejo B,Coplefor Complejo B CMD,cápsulas; seguir instrucciones del empaque,Venta libre en México; suplemento alimenticio; etiquetado nutrimental sujeto a NOM-086-SSA1 cuando aplique; no requiere receta,No usar para retrasar estudios médicos; los síntomas neurológicos pueden requerir diagnóstico y tratamiento específico; evitar duplicidad de complejo B,SI,Fabricante y distribuidor autorizado; COFEPRIS; NOM-086-SSA1 
herbolaria_vitaminas,herbolaria,estrés leve o nerviosismo ocasional,herbolaria,"toronjil, flor de azahar y raíz de valeriana",Pronuit Therbal,infusión en sobres; seguir instrucciones del empaque,Venta libre en México; remedio herbolario con clave ante COFEPRIS; no requiere receta; NOM-086-SSA1 aplica únicamente a información nutrimental cuando corresponda,"Embarazo, lactancia, consumo de alcohol, uso de sedantes, conducción o actividades que requieran alerta; alergia a los componentes",NO,COFEPRIS; Farmacopea Herbolaria; fabricante 
herbolaria_vitaminas,herbolaria,insomnio ocasional asociado con estrés leve,herbolaria,"melisa, valeriana, lavanda, pasiflora, lúpulo, menta, hinojo, manzana y cáscara de naranja",Therbal Good Night,infusión de hoja entera; seguir instrucciones del empaque,Venta libre en México; infusión herbolaria; no requiere receta; etiquetado alimentario sujeto a NOM-051 y NOM-086-SSA1 cuando aplique,"Embarazo, lactancia, alcohol, sedantes, alergia a los componentes o actividades que requieran estar alerta; evitar combinar con otros productos para dormir",NO,Fabricante; Farmacopea Herbolaria; NOM-086-SSA1 
herbolaria_vitaminas,herbolaria,insomnio ocasional y dificultad leve para relajarse,herbolaria,flor de tila,Therbal Flor de Tila,infusión en sobres; seguir instrucciones del empaque,Venta libre en México; infusión herbolaria; no requiere receta; etiquetado alimentario sujeto a NOM-051 y NOM-086-SSA1 cuando aplique,"Embarazo, lactancia, alergia a la tila, uso de sedantes, consumo de alcohol o enfermedad cardiaca sin orientación profesional",NO,Fabricante; Farmacopea Herbolaria; NOM-086-SSA1 
herbolaria_vitaminas,herbolaria,estrés leve con malestar digestivo ocasional,herbolaria,flor de manzanilla,McCormick Té de Manzanilla,infusión en sobres; seguir instrucciones del empaque,Venta libre en México; infusión herbolaria o alimento preenvasado; no requiere receta; etiquetado sujeto a NOM-051 y NOM-086-SSA1 cuando aplique,"Alergia a plantas de la familia Asteraceae, embarazo o lactancia sin orientación profesional o uso de anticoagulantes",NO,Fabricante; Farmacopea Herbolaria; NOM-086-SSA1 
herbolaria_vitaminas,herbolaria,"insomnio crónico, despertares constantes o somnolencia diurna intensa",herbolaria,"toronjil, flor de azahar y raíz de valeriana",Pronuit Therbal,infusión en sobres; seguir instrucciones del empaque,Venta libre en México; remedio herbolario con clave ante COFEPRIS; no requiere receta; NOM-086-SSA1 aplica únicamente cuando corresponda,"No usar para retrasar valoración médica; evitar alcohol, sedantes, conducción, embarazo y lactancia sin orientación profesional",SI,COFEPRIS; Farmacopea Herbolaria; fabricante 
herbolaria_vitaminas,herbolaria,resfriado común con irritación leve de garganta y tos,herbolaria,"miel, propóleo, eucalipto, gordolobo y bugambilia",Therbal Jarabe VRJ Propóleo,jarabe herbolario; seguir instrucciones del empaque,Venta libre en México; remedio herbolario con clave ante COFEPRIS; no requiere receta; NOM-086-SSA1 aplica a información nutrimental cuando corresponda,"Alergia a productos de abeja, asma sensible al propóleo, diabetes si contiene azúcares, embarazo o lactancia sin orientación profesional; no usar en menores fuera de la edad indicada",NO,COFEPRIS; Farmacopea Herbolaria; fabricante 
herbolaria_vitaminas,herbolaria,"resfriado con dificultad para respirar, fiebre alta prolongada o labios azulados",herbolaria,"miel, propóleo, eucalipto, gordolobo y bugambilia",Therbal Jarabe VRJ Propóleo,jarabe herbolario; seguir instrucciones del empaque,Venta libre en México; remedio herbolario con clave ante COFEPRIS; no requiere receta; NOM-086-SSA1 aplica a información nutrimental cuando corresponda,No automedicarse ni retrasar atención médica inmediata; contraindicado en alergia a productos de abeja o reacción respiratoria al propóleo,SI,COFEPRIS; Farmacopea Herbolaria; fabricante 
herbolaria_vitaminas,herbolaria,"indigestión leve, gases o pesadez después de comer",herbolaria,"menta, zacate limón, hinojo, verbena de limón, manzanilla, tomillo y aceite de menta",Therbal Digest,infusión de hoja entera; seguir instrucciones del empaque,Venta libre en México; infusión herbolaria; no requiere receta; etiquetado alimentario sujeto a NOM-051 y NOM-086-SSA1 cuando aplique,"Reflujo que empeora con menta, alergia a los componentes, enfermedad biliar, embarazo o lactancia sin orientación profesional",NO,Fabricante; Farmacopea Herbolaria; NOM-086-SSA1 
herbolaria_vitaminas,herbolaria,náusea o digestión pesada ocasional,herbolaria,flor de manzanilla,McCormick Té de Manzanilla,infusión en sobres; seguir instrucciones del empaque,Venta libre en México; infusión herbolaria o alimento preenvasado; no requiere receta; etiquetado sujeto a NOM-051 y NOM-086-SSA1 cuando aplique,"Alergia a plantas de la familia Asteraceae, uso de anticoagulantes, embarazo o lactancia sin orientación profesional",NO,Fabricante; Farmacopea Herbolaria; NOM-086-SSA1 
herbolaria_vitaminas,herbolaria,"dolor abdominal intenso, vómito persistente, sangre en heces o abdomen rígido",herbolaria,"menta, hinojo, manzanilla, tomillo y verbena de limón",Therbal Digest,infusión de hoja entera; seguir instrucciones del empaque,Venta libre en México; infusión herbolaria; no requiere receta; etiquetado alimentario sujeto a NOM-051 y NOM-086-SSA1 cuando aplique,"No usar para retrasar atención médica inmediata; evitar en obstrucción digestiva sospechada, enfermedad biliar o alergia a los componentes",SI,Fabricante; Farmacopea Herbolaria; NOM-086-SSA1 
dermatologico_topico,dermatologico_topico,quemadura solar leve con enrojecimiento y comezón,antipruriginoso y protector cutáneo,calamina,Loción de Caladryl,loción tópica; seguir instrucciones del empaque,Libre venta en México (OTC; registro SSA VI; no requiere receta),"Hipersensibilidad a los componentes, lesiones infectadas, ojos o mucosas; suspender si empeora o persiste",NO,"PLM; registro sanitario SSA VI; Ley General de Salud, artículo 226, fracción VI "
dermatologico_topico,dermatologico_topico,picadura de mosquito con comezón leve,antipruriginoso y protector cutáneo,calamina,Loción de Caladryl,loción tópica; seguir instrucciones del empaque,Libre venta en México (OTC; registro SSA VI; no requiere receta),"Hipersensibilidad a los componentes, lesiones infectadas, ojos o mucosas; no usar por periodos prolongados sin valoración",NO,"PLM; registro sanitario SSA VI; Ley General de Salud, artículo 226, fracción VI "
dermatologico_topico,dermatologico_topico,comezón por irritación o dermatitis de contacto leve,antipruriginoso y protector cutáneo,calamina,Loción de Caladryl,suspensión tópica; seguir instrucciones del empaque,Libre venta en México (OTC; registro SSA VI; no requiere receta),"Hipersensibilidad a los componentes, piel infectada, heridas profundas, ojos o mucosas; consultar si las molestias reaparecen",NO,"PLM; registro sanitario SSA VI; Ley General de Salud, artículo 226, fracción VI "
dermatologico_topico,dermatologico_topico,picadura de insecto con dolor y comezón,anestésico local y antipruriginoso,pramoxina y acetato de zinc,Caladryl Clear,loción tópica; seguir instrucciones del empaque,Libre venta en México (OTC; registro SSA VI; no requiere receta),"Hipersensibilidad a pramoxina, zinc o excipientes; evitar ojos, mucosas y áreas extensas de piel gravemente dañada",NO,PLM; registro sanitario SSA VI; farmacia de medicamentos de libre venta 
dermatologico_topico,dermatologico_topico,quemadura solar leve con ardor y comezón,anestésico local y antipruriginoso,pramoxina y acetato de zinc,Caladryl Clear,loción tópica; seguir instrucciones del empaque,Libre venta en México (OTC; registro SSA VI; no requiere receta),"Hipersensibilidad a los componentes, ojos o mucosas; no aplicar sobre quemaduras extensas o con daño profundo sin valoración",NO,PLM; registro sanitario SSA VI; farmacia de medicamentos de libre venta 
dermatologico_topico,dermatologico_topico,raspadura pequeña con dolor o comezón,anestésico local y antipruriginoso,pramoxina y acetato de zinc,Caladryl Clear,loción tópica; seguir instrucciones del empaque,Libre venta en México (OTC; registro SSA VI; no requiere receta),"Hipersensibilidad a los componentes; no aplicar en heridas profundas, mordeduras, punciones ni áreas con pus o tejido necrótico",NO,PLM; registro sanitario SSA VI 
dermatologico_topico,dermatologico_topico,"comezón acompañada de hinchazón de labios, lengua o dificultad para respirar",anestésico local y antipruriginoso,pramoxina y acetato de zinc,Caladryl Clear,loción tópica; seguir instrucciones del empaque,Libre venta en México (OTC; registro SSA VI; no requiere receta),No usar para retrasar atención médica inmediata; contraindicado en hipersensibilidad a los componentes,SI,PLM; registro sanitario SSA VI 
dermatologico_topico,dermatologico_topico,quemadura leve y localizada,regenerador epitelial y protector cutáneo,dexpantenol,Bepanthen Pomada Regeneradora,pomada tópica; seguir instrucciones del empaque,Venta libre en México (producto para cuidado y regeneración de la piel; no requiere receta),"Hipersensibilidad a los componentes, contacto con ojos o mucosas; no usar como sustituto de valoración en quemaduras profundas",NO,Fabricante Bayer México; registro sanitario y farmacovigilancia COFEPRIS 
dermatologico_topico,dermatologico_topico,cortadura o raspadura superficial,regenerador epitelial y protector cutáneo,dexpantenol,Bepanthen Pomada Regeneradora,pomada tópica; seguir instrucciones del empaque,Venta libre en México (producto para cuidado y regeneración de la piel; no requiere receta),"Hipersensibilidad a la fórmula; evitar ojos y mucosas; no aplicar como único manejo en heridas profundas, mordeduras o punciones",NO,Fabricante Bayer México; registro sanitario y farmacovigilancia COFEPRIS 
dermatologico_topico,dermatologico_topico,"piel reseca, agrietada o irritada",regenerador epitelial y emoliente,dexpantenol,Bepanthen Pomada Regeneradora,pomada tópica; seguir instrucciones del empaque,Venta libre en México (producto para cuidado y regeneración de la piel; no requiere receta),"Hipersensibilidad a los componentes; suspender si produce alergia, enrojecimiento o aumento de la comezón",NO,Fabricante Bayer México; registro sanitario y farmacovigilancia COFEPRIS 
dermatologico_topico,dermatologico_topico,"quemadura extensa, profunda, con ampollas generalizadas o en cara y genitales",regenerador epitelial y protector cutáneo,dexpantenol,Bepanthen Pomada Regeneradora,pomada tópica; seguir instrucciones del empaque,Venta libre en México (producto para cuidado y regeneración de la piel; no requiere receta),No usar para retrasar atención médica inmediata; las quemaduras extensas o profundas requieren valoración profesional,SI,Fabricante Bayer México; registro sanitario y farmacovigilancia COFEPRIS 
dermatologico_topico,antiseptico_topico,cortadura superficial que requiere limpieza antiséptica,antiséptico tópico,solución de superoxidación,Microdacyn Solución,solución en atomizador; seguir instrucciones del empaque,Venta libre en México (antiséptico con registro sanitario SSA; no requiere receta),Hipersensibilidad al producto; evitar ingestión y uso ocular; las heridas profundas deben ser valoradas por personal de salud,NO,Fabricante Microdacyn México; registro sanitario SSA; farmacia minorista nacional 
dermatologico_topico,antiseptico_topico,raspadura o abrasión menor,antiséptico tópico,solución de superoxidación,Microdacyn Solución,solución en atomizador; seguir instrucciones del empaque,Venta libre en México (antiséptico con registro sanitario SSA; no requiere receta),"Hipersensibilidad al producto, ingestión o contacto ocular; no sustituye limpieza médica de lesiones extensas o contaminadas",NO,Fabricante Microdacyn México; registro sanitario SSA; farmacia minorista nacional 
dermatologico_topico,antiseptico_topico,quemadura superficial menor,antiséptico en hidrogel,solución de superoxidación en hidrogel,Microdacyn Hydrogel,hidrogel tópico; seguir instrucciones del empaque,Venta libre en México (antiséptico con registro sanitario SSA; no requiere receta),"Hipersensibilidad al producto; no usar para retrasar valoración de quemaduras profundas, eléctricas, químicas o extensas",NO,Fabricante Microdacyn México; registro sanitario SSA 
dermatologico_topico,antiseptico_topico,herida que no cierra o permanece abierta,antiséptico tópico,solución de superoxidación,Microdacyn Solución,solución en atomizador; seguir instrucciones del empaque,Venta libre en México (antiséptico con registro sanitario SSA; no requiere receta),"No usar como sustituto de valoración médica; una herida persistente puede asociarse con infección, mala circulación o diabetes",SI,Fabricante Microdacyn México; registro sanitario SSA 
dermatologico_topico,antiseptico_topico,"herida con pus, mal olor, fiebre, calor intenso o líneas rojas",antiséptico tópico,solución de superoxidación,Microdacyn Solución,solución en atomizador; seguir instrucciones del empaque,Venta libre en México (antiséptico con registro sanitario SSA; no requiere receta),No retrasar atención médica; los signos descritos pueden indicar una infección que requiere tratamiento profesional,SI,Fabricante Microdacyn México; registro sanitario SSA 
dermatologico_topico,antiseptico_topico,cortadura o raspadura menor,antiséptico yodado,povidona yodada,Isodine Solución,solución tópica; seguir instrucciones del empaque,"Libre venta en México (farmacia, receta no obligatoria)","Alergia al yodo, enfermedad tiroidea, uso de litio, embarazo o lactancia sin orientación, recién nacidos, heridas profundas o áreas extensas",NO,Farmacia Benavides; fabricante Isodine; condición de venta: receta no obligatoria 
dermatologico_topico,antiseptico_topico,quemadura leve que requiere antisepsia,antiséptico yodado,povidona yodada,Isodine Solución,solución tópica; seguir instrucciones del empaque,"Libre venta en México (farmacia, receta no obligatoria)","Alergia al yodo, trastornos tiroideos, tratamiento con litio, embarazo o lactancia sin orientación; no aplicar extensamente o por tiempo prolongado",NO,Farmacia Benavides; fabricante Isodine; condición de venta: receta no obligatoria 
dermatologico_topico,antimicotico_topico,pie de atleta leve con comezón y descamación,antimicótico tópico,clotrimazol,Canesten Crema,crema tópica; seguir instrucciones del empaque,Libre venta en México (OTC; registro SSA VI; no requiere receta),"Hipersensibilidad al clotrimazol, ojos, boca o mucosas; evitar durante el primer trimestre del embarazo y la lactancia según el empaque",NO,"PLM; registro sanitario SSA VI; Ley General de Salud, artículo 226, fracción VI "
dermatologico_topico,antimicotico_topico,tiña corporal superficial leve,antimicótico tópico,clotrimazol,Canesten Crema,crema tópica; seguir instrucciones del empaque,Libre venta en México (OTC; registro SSA VI; no requiere receta),Hipersensibilidad al clotrimazol o excipientes; no usar en ojos o mucosas; consultar si la lesión se extiende o no mejora,NO,"PLM; registro sanitario SSA VI; Ley General de Salud, artículo 226, fracción VI "
dermatologico_topico,antimicotico_topico,hongos superficiales leves en la ingle,antimicótico tópico,clotrimazol,Canesten Crema,crema tópica; seguir instrucciones del empaque,Libre venta en México (OTC; registro SSA VI; no requiere receta),Hipersensibilidad al clotrimazol; solo uso externo; evitar contacto con ojos y mucosas y suspender ante reacción alérgica,NO,"PLM; registro sanitario SSA VI; Ley General de Salud, artículo 226, fracción VI "
dermatologico_topico,antimicotico_topico,pie de atleta leve,antimicótico tópico,terbinafina,Lamisil Crema,crema tópica; seguir instrucciones del empaque,Libre venta en México (OTC; registro SSA VI; no requiere receta),"Hipersensibilidad a la terbinafina, embarazo o lactancia, menores de la edad indicada, ojos, boca, vagina o piel gravemente lesionada",NO,"PLM; registro sanitario SSA VI; Ley General de Salud, artículo 226, fracción VI "
dermatologico_topico,antimicotico_topico,tiña corporal o inguinal leve,antimicótico tópico,terbinafina,Lamisil Spray,solución tópica en atomizador; seguir instrucciones del empaque,Libre venta en México (OTC; registro SSA VI; no requiere receta),"Hipersensibilidad a la terbinafina, embarazo o lactancia, menores de la edad indicada; evitar cara, ojos, mucosas y heridas abiertas",NO,"PLM; registro sanitario SSA VI; Ley General de Salud, artículo 226, fracción VI "
dermatologico_topico,antimicotico_topico,hongos superficiales leves con comezón y enrojecimiento,antimicótico tópico,miconazol,Miconazol Alpharma,crema tópica; seguir instrucciones del empaque,Libre venta en México (OTC; registro SSA VI; no requiere receta),"Hipersensibilidad al miconazol, primer trimestre del embarazo, menores pequeños sin supervisión, ojos o mucosas; suspender si causa irritación",NO,PLM; registro sanitario SSA VI; farmacia mexicana 
dermatologico_topico,dermatologico_topico,"piel corporal muy seca, áspera o con comezón por resequedad",hidratante queratolítico y reparador de barrera,"urea, factores naturales de hidratación y ceramida",Eucerin UreaRepair Plus,loción corporal; seguir instrucciones del empaque,Venta libre en México (dermocosmético; no requiere receta),"Hipersensibilidad a los componentes; evitar ojos, mucosas, piel abierta o infectada; puede producir ardor sobre grietas profundas",NO,Fabricante Eucerin México; referencia dermatológica del producto 
dermatologico_topico,dermatologico_topico,piel seca y sensible con tirantez o comezón,hidratante y reparador de barrera,"urea, pantenol, vitamina E y glicerina",ISDIN Ureadin Cream 10,crema tópica; seguir instrucciones del empaque,Venta libre en México (dermocosmético; no requiere receta),"Hipersensibilidad a los componentes; evitar ojos, mucosas, heridas abiertas e infecciones activas; suspender ante irritación intensa",NO,Fabricante ISDIN México; ficha de producto dermatológico 
dermatologico_topico,dermatologico_topico,resequedad corporal con descamación leve,hidratante y reparador de barrera,urea,ISDIN Ureadin Lotion10,loción corporal; seguir instrucciones del empaque,Venta libre en México (dermocosmético; no requiere receta),"Hipersensibilidad a los componentes; no aplicar en heridas abiertas, piel infectada, ojos o mucosas",NO,Fabricante ISDIN México; catálogo dermatológico oficial 
dermatologico_topico,dermatologico_topico,"piel extremadamente seca, agrietada o irritada",emoliente oclusivo y reparador de barrera,"petrolato, pantenol y glicerina",Eucerin Aquaphor Pomada Reparadora,pomada tópica; seguir instrucciones del empaque,Venta libre en México (dermocosmético; no requiere receta),"Hipersensibilidad a los componentes; no aplicar sobre heridas infectadas, húmedas o profundas sin valoración profesional",NO,Fabricante Eucerin México; ficha dermatológica oficial 
dermatologico_topico,dermatologico_topico,"irritación, resequedad o grietas superficiales",bálsamo reparador de barrera,pantenol y madecasósido,La Roche-Posay Cicaplast Baume B5+,bálsamo tópico; seguir instrucciones del empaque,Venta libre en México (dermocosmético; no requiere receta),"Hipersensibilidad a los componentes; evitar ojos, mucosas y heridas infectadas o profundas; no sustituye la atención de quemaduras graves",NO,Fabricante La Roche-Posay México; ficha dermatológica oficial 
digestivo,antiacido,acidez estomacal ocasional,antiácido,hidróxido de aluminio e hidróxido de magnesio,Melox,suspensión oral; seguir instrucciones del empaque,Libre venta en México (OTC; no requiere receta),"Insuficiencia renal grave, obstrucción intestinal, dolor abdominal sin diagnóstico, hipersensibilidad a los componentes o uso prolongado sin valoración médica",NO,PLM; registro sanitario COFEPRIS; etiquetado comercial 
digestivo,antiacido,agruras después de comer,antiácido,hidróxido de aluminio e hidróxido de magnesio,Melox,tabletas masticables; seguir instrucciones del empaque,Libre venta en México (OTC; no requiere receta),"Insuficiencia renal grave, obstrucción intestinal, hipofosfatemia, dolor abdominal sin diagnóstico o uso simultáneo con otros medicamentos sin separar su administración",NO,PLM; registro sanitario COFEPRIS; etiquetado comercial 
digestivo,antiacido,acidez acompañada de gases,antiácido y antiflatulento,"hidróxido de aluminio, hidróxido de magnesio y simeticona",Melox Plus,suspensión oral; seguir instrucciones del empaque,Libre venta en México (OTC; no requiere receta),"Insuficiencia renal grave, obstrucción intestinal, dolor abdominal intenso sin diagnóstico, hipersensibilidad o uso prolongado sin orientación profesional",NO,PLM; registro sanitario COFEPRIS 
digestivo,antiacido,indigestión con distensión abdominal,antiácido y antiflatulento,"hidróxido de aluminio, hidróxido de magnesio y simeticona",Melox Plus,tabletas masticables; seguir instrucciones del empaque,Libre venta en México (OTC; no requiere receta),"Insuficiencia renal grave, obstrucción intestinal, hipofosfatemia, dolor abdominal sin diagnóstico o hipersensibilidad a los componentes",NO,PLM; registro sanitario COFEPRIS 
digestivo,antiacido,reflujo y ardor en la boca del estómago,antiácido y antiflatulento,magaldrato y dimeticona,Riopan,gel oral en sobres; seguir instrucciones del empaque,Libre venta en México (OTC; no requiere receta),"Insuficiencia renal grave, niveles bajos de fosfato, obstrucción intestinal, hipersensibilidad o síntomas persistentes sin valoración médica",NO,PLM; farmacia minorista nacional; registro sanitario COFEPRIS 
digestivo,antiacido,"indigestión con pesadez, gases y náusea leve",antiácido y antiflatulento,magaldrato y dimeticona,Riopan,gel oral; seguir instrucciones del empaque,Libre venta en México (OTC; no requiere receta),"Insuficiencia renal grave, obstrucción intestinal, dolor abdominal intenso, hipersensibilidad o uso prolongado sin supervisión profesional",NO,PLM; farmacia minorista nacional; registro sanitario COFEPRIS 
digestivo,antiacido,reflujo gastroesofágico ocasional,barrera antirreflujo y antiácido,"alginato de sodio, bicarbonato de sodio y carbonato de calcio",Gaviscon Suspensión,suspensión oral; seguir instrucciones del empaque,Libre venta en México (OTC; no requiere receta),"Enfermedad renal grave, hipercalcemia, cálculos renales, dieta estricta baja en sodio, insuficiencia cardiaca o hipersensibilidad a los componentes",NO,PLM; registro sanitario COFEPRIS; fabricante 
digestivo,antiacido,regurgitación ácida después de comer,barrera antirreflujo y antiácido,"alginato de sodio, bicarbonato de sodio y carbonato de calcio",Gaviscon Suspensión,suspensión oral; seguir instrucciones del empaque,Libre venta en México (OTC; no requiere receta),"Enfermedad renal grave, hipercalcemia, cálculos renales, restricciones de sodio o síntomas frecuentes y prolongados sin diagnóstico",NO,PLM; registro sanitario COFEPRIS; fabricante 
digestivo,antiacido,acidez estomacal leve,antiácido,carbonato de calcio,Tums,tabletas masticables; seguir instrucciones del empaque,Libre venta en México (OTC; no requiere receta),"Hipercalcemia, insuficiencia renal grave, antecedentes de cálculos renales, sarcoidosis o uso excesivo y prolongado",NO,Farmacia minorista nacional; etiquetado comercial; COFEPRIS 
digestivo,antiacido,indigestión ácida ocasional,antiácido,carbonato de calcio,Tums,tabletas masticables; seguir instrucciones del empaque,Libre venta en México (OTC; no requiere receta),"Hipercalcemia, enfermedad renal grave, cálculos renales o uso simultáneo con medicamentos cuya absorción pueda alterarse",NO,Farmacia minorista nacional; etiquetado comercial; COFEPRIS 
digestivo,antiacido,agruras por comer en exceso,antiácido efervescente,"bicarbonato de sodio, ácido cítrico y ácido tartárico",Sal de Uvas Picot,polvo efervescente en sobres; seguir instrucciones del empaque,Libre venta en México (OTC; no requiere receta),"Hipertensión no controlada, insuficiencia cardiaca o renal, dieta restringida en sodio, alcalosis, dolor abdominal intenso o uso excesivo",NO,Farmacia minorista nacional; etiquetado comercial; registro sanitario COFEPRIS 
digestivo,antiacido,indigestión y pesadez después de una comida abundante,antiácido efervescente,"bicarbonato de sodio, ácido cítrico y ácido tartárico",Sal de Uvas Picot,polvo efervescente; seguir instrucciones del empaque,Libre venta en México (OTC; no requiere receta),"Enfermedad renal, insuficiencia cardiaca, hipertensión, dieta baja en sodio, alcalosis o síntomas digestivos persistentes",NO,Farmacia minorista nacional; etiquetado comercial; registro sanitario COFEPRIS 
digestivo,antiacido,hiperacidez con flatulencia,antiácido y antiflatulento,"hidróxido de aluminio, hidróxido de magnesio y dimeticona",Espavén Alcalino,tabletas masticables; seguir instrucciones del empaque,Libre venta en México (OTC; no requiere receta),"Insuficiencia renal grave, obstrucción intestinal, dolor abdominal sin diagnóstico, hipersensibilidad o uso prolongado sin valoración médica",NO,PLM; registro sanitario COFEPRIS 
digestivo,antidiarreico,malestar estomacal e indigestión,protector gastrointestinal y antidiarreico,subsalicilato de bismuto,Pepto-Bismol,suspensión oral; seguir instrucciones del empaque,Libre venta en México (OTC; no requiere receta),"Alergia a aspirina o salicilatos, anticoagulantes, úlcera sangrante, trastornos de coagulación, enfermedad renal grave o menores con enfermedad viral",NO,Fabricante México; PLM; registro sanitario COFEPRIS 
digestivo,antidiarreico,náusea leve asociada con indigestión,protector gastrointestinal,subsalicilato de bismuto,Pepto-Bismol,comprimidos masticables; seguir instrucciones del empaque,Libre venta en México (OTC; no requiere receta),"Alergia a salicilatos, anticoagulantes, trastornos hemorrágicos, enfermedad renal grave, embarazo sin orientación profesional o menores con infección viral",NO,Fabricante México; PLM; registro sanitario COFEPRIS 
digestivo,antidiarreico,diarrea aguda leve sin fiebre ni sangre,antidiarreico y protector gastrointestinal,subsalicilato de bismuto,Pepto-Bismol,suspensión oral; seguir instrucciones del empaque,Libre venta en México (OTC; no requiere receta),"Alergia a aspirina o salicilatos, anticoagulantes, úlcera sangrante, trastornos de coagulación, enfermedad renal grave o diarrea acompañada de fiebre alta",NO,Fabricante México; PLM; registro sanitario COFEPRIS 
digestivo,antidiarreico,diarrea leve del viajero sin signos de alarma,antidiarreico y protector gastrointestinal,subsalicilato de bismuto,Pepto-Bismol,comprimidos masticables; seguir instrucciones del empaque,Libre venta en México (OTC; no requiere receta),"Alergia a salicilatos, anticoagulantes, sangrado gastrointestinal, enfermedad renal grave, fiebre alta, pus o sangre en las evacuaciones",NO,Fabricante México; PLM; registro sanitario COFEPRIS 
digestivo,antidiarreico,diarrea leve con indigestión,antidiarreico y protector gastrointestinal,subsalicilato de bismuto,Itamol,tabletas; seguir instrucciones del empaque,Libre venta en México (OTC; no requiere receta),"Alergia a aspirina o salicilatos, anticoagulantes, trastornos hemorrágicos, enfermedad renal grave, embarazo sin orientación médica o menores con infección viral",NO,PLM; registro sanitario COFEPRIS 
digestivo,antidiarreico,acidez y náusea leve con malestar digestivo,protector gastrointestinal,subsalicilato de bismuto,Itamol,tabletas; seguir instrucciones del empaque,Libre venta en México (OTC; no requiere receta),"Alergia a salicilatos, úlcera con sangrado, anticoagulantes, enfermedad renal grave, trastornos de coagulación o menores con enfermedad viral",NO,PLM; registro sanitario COFEPRIS 
digestivo,antiemetico,náusea leve asociada al movimiento,antiemético y antihistamínico,dimenhidrinato,Dramamine,tabletas; seguir instrucciones del empaque,Libre venta en México (OTC; no requiere receta),"Glaucoma de ángulo cerrado, retención urinaria, hipertrofia prostática, alcohol, sedantes, actividades que requieran alerta o alergia al dimenhidrinato; causa somnolencia",NO,Fabricante México; PLM; registro sanitario SSA VI/COFEPRIS 
digestivo,antiemetico,náusea infantil asociada al movimiento,antiemético y antihistamínico,dimenhidrinato,Dramamine Jarabe,jarabe; seguir instrucciones del empaque,Libre venta en México (OTC; no requiere receta),"No usar fuera de la edad indicada en el empaque, alergia al dimenhidrinato, glaucoma, retención urinaria, alcohol o medicamentos sedantes; puede causar somnolencia",NO,Fabricante México; PLM; registro sanitario SSA VI/COFEPRIS 
digestivo,antiemetico,mareo y náusea leve por viaje,antiemético y antihistamínico,dimenhidrinato,Dimicaps,cápsulas; seguir instrucciones del empaque,Libre venta en México (OTC; no requiere receta),"Glaucoma, retención urinaria, hipertrofia prostática, alergia al dimenhidrinato, consumo de alcohol o sedantes; evitar conducir por somnolencia",NO,PLM; registro sanitario COFEPRIS 
digestivo,laxante,estreñimiento ocasional,laxante estimulante vegetal,senósidos A y B,Senokot Regular,tabletas; seguir instrucciones del empaque,Libre venta en México (OTC; no requiere receta),"Obstrucción intestinal, apendicitis, enfermedad inflamatoria intestinal activa, dolor abdominal sin diagnóstico, náusea, vómito o deshidratación",NO,Farmacia minorista mexicana; categoría OTC; etiquetado comercial 
digestivo,laxante,estreñimiento ocasional que no mejora con cambios de dieta,laxante estimulante vegetal,senósidos A y B,Senokot Forte,tabletas; seguir instrucciones del empaque,Libre venta en México (OTC; no requiere receta),"Obstrucción intestinal, dolor abdominal intenso, apendicitis, enfermedad inflamatoria intestinal activa, deshidratación o uso prolongado sin supervisión",NO,Farmacia minorista mexicana; categoría OTC; etiquetado comercial 
digestivo,laxante,estreñimiento por cambios de alimentación o rutina,laxante estimulante vegetal,Cassia angustifolia,Ciruelax,comprimidos; seguir instrucciones del empaque,Libre venta en México (OTC; no requiere receta),"Obstrucción intestinal, apendicitis, dolor abdominal sin diagnóstico, enfermedad inflamatoria intestinal, deshidratación o uso frecuente y prolongado",NO,PLM; registro sanitario COFEPRIS 
digestivo,laxante,estreñimiento ocasional con heces duras,laxante osmótico salino,hidróxido de magnesio,Phillips Leche de Magnesia,suspensión oral; seguir instrucciones del empaque,Libre venta en México (OTC; no requiere receta),"Insuficiencia renal, obstrucción o impactación intestinal, síndrome de abdomen agudo, diarrea, colitis ulcerosa activa o hipersensibilidad",NO,PLM; registro sanitario COFEPRIS 
digestivo,laxante,estreñimiento asociado con baja ingesta de fibra,laxante formador de masa,Plantago psyllium,Fibromucil,polvo para solución oral; seguir instrucciones del empaque,Libre venta en México (OTC; no requiere receta),"Obstrucción o impactación intestinal, dificultad para tragar, dolor abdominal, náusea, vómito o consumo sin suficiente líquido",NO,PLM; registro sanitario COFEPRIS 
digestivo,laxante,estreñimiento con evacuaciones poco frecuentes,laxante formador de masa,Plantago psyllium,Mugasin,polvo para solución oral; seguir instrucciones del empaque,Libre venta en México (OTC; no requiere receta),"Obstrucción intestinal, impactación fecal, estenosis, dificultad para tragar, sangrado rectal sin diagnóstico, dolor abdominal, náusea o vómito",NO,PLM; registro sanitario COFEPRIS 
digestivo,laxante,estreñimiento ocasional durante viajes o cambios de rutina,laxante formador de masa,cáscara de Plantago ovata o psyllium,Novagon,polvo para solución oral; seguir instrucciones del empaque,Libre venta en México (OTC; no requiere receta),"Obstrucción intestinal, impactación fecal, apendicitis, dolor abdominal agudo, sangrado rectal no diagnosticado, náusea, vómito o ingesta insuficiente de agua",NO,PLM; registro sanitario COFEPRIS 
digestivo,antiflatulento,flatulencia y distensión abdominal,antiflatulento,dimeticona y pantotenato de calcio,Espavén,tabletas; seguir instrucciones del empaque,Libre venta en México (OTC; no requiere receta),"Hipersensibilidad a los componentes, sospecha de obstrucción intestinal, dolor abdominal intenso o distensión persistente sin diagnóstico",NO,PLM; registro sanitario COFEPRIS 
digestivo,antiflatulento,gases y cólico leve en población pediátrica,antiflatulento,dimeticona,Espavén Pediátrico,gotas orales; seguir instrucciones del empaque,Libre venta en México (OTC; no requiere receta),"Hipersensibilidad a los componentes; no usar para retrasar valoración pediátrica si hay vómito persistente, fiebre, abdomen muy distendido o rechazo de alimentos",NO,PLM; registro sanitario COFEPRIS 
digestivo,antiflatulento,gases e indigestión después de comidas abundantes,digestivo enzimático y antiflatulento,"pancreatina, dimeticona, extracto de bilis bovina y celulasa",Espavén Enzimático,tabletas o grageas; seguir instrucciones del empaque,Libre venta en México (OTC; no requiere receta),"Obstrucción de vías biliares, hepatitis aguda grave, perforación intestinal, hipersensibilidad, embarazo temprano o lactancia sin orientación profesional",NO,PLM; registro sanitario COFEPRIS 
digestivo,antidiarreico,diarrea con sangre en las heces o evacuaciones negras inexplicables,antidiarreico y protector gastrointestinal,subsalicilato de bismuto,Pepto-Bismol,suspensión oral; seguir instrucciones del empaque,Libre venta en México (OTC; no requiere receta),"No automedicarse ni usar para retrasar atención inmediata; contraindicado con sangrado gastrointestinal, anticoagulantes, alergia a salicilatos o trastornos de coagulación",SI,Fabricante México; PLM; registro sanitario COFEPRIS 
digestivo,antidiarreico,"diarrea con deshidratación severa, desmayo, confusión o muy poca orina",antidiarreico y protector gastrointestinal,subsalicilato de bismuto,Pepto-Bismol,comprimidos masticables; seguir instrucciones del empaque,Libre venta en México (OTC; no requiere receta),No automedicarse ni retrasar atención médica inmediata; la prioridad es valoración urgente y reposición profesional de líquidos y electrolitos,SI,Fabricante México; PLM; registro sanitario COFEPRIS 
digestivo,laxante,"estreñimiento acompañado de dolor abdominal intenso, abdomen rígido o vómito",laxante osmótico salino,hidróxido de magnesio,Phillips Leche de Magnesia,suspensión oral; seguir instrucciones del empaque,Libre venta en México (OTC; no requiere receta),"No usar laxantes ni retrasar atención médica inmediata; puede existir obstrucción, apendicitis u otra causa de abdomen agudo",SI,PLM; registro sanitario COFEPRIS 
digestivo,antiacido,"acidez con dolor u opresión en el pecho, falta de aire, sudor frío o dolor hacia el brazo",barrera antirreflujo y antiácido,"alginato de sodio, bicarbonato de sodio y carbonato de calcio",Gaviscon Suspensión,suspensión oral; seguir instrucciones del empaque,Libre venta en México (OTC; no requiere receta),No automedicarse ni asumir que es reflujo; estos síntomas pueden indicar un problema cardiaco y requieren atención médica inmediata,SI,PLM; registro sanitario COFEPRIS; fabricante 
digestivo,antiemetico,"náusea con vómito de sangre, material oscuro o dolor abdominal intenso",antiemético y antihistamínico,dimenhidrinato,Dramamine,tabletas; seguir instrucciones del empaque,Libre venta en México (OTC; no requiere receta),"No usar para ocultar síntomas ni retrasar atención inmediata; puede existir hemorragia gastrointestinal, obstrucción u otra enfermedad grave",SI,Fabricante México; PLM; registro sanitario SSA VI/COFEPRIS 
respiratorio_gripe,antigripal,"resfriado común con congestión, escurrimiento nasal y malestar",antigripal multisíntoma,"paracetamol, fenilefrina y clorfenamina",XL-3,tabletas; seguir instrucciones del empaque,Libre venta en México (OTC; no requiere receta),"Enfermedad hepática grave, hipertensión no controlada, cardiopatía grave, glaucoma, hipertiroidismo, uso de inhibidores de la MAO, consumo de alcohol o uso simultáneo de otros productos con paracetamol; puede causar somnolencia",NO,PLM; registro sanitario COFEPRIS; etiquetado comercial 
respiratorio_gripe,antigripal,gripe o resfriado con tos seca y congestión nasal,"antigripal, antitusivo y descongestionante","paracetamol, fenilefrina, clorfenamina y dextrometorfano",XL-3 Xtra,cápsulas; seguir instrucciones del empaque,Libre venta en México (OTC; no requiere receta),"Enfermedad hepática grave, hipertensión no controlada, glaucoma, uso de inhibidores de la MAO o medicamentos serotoninérgicos, consumo de alcohol, tos crónica sin valoración médica o duplicidad de paracetamol",NO,Etiquetado comercial; farmacia minorista nacional; registro sanitario COFEPRIS 
respiratorio_gripe,antigripal,"gripe o resfriado con fiebre, tos seca y congestión","antigripal, analgésico, antitusivo y descongestionante","paracetamol, fenilefrina, clorfenamina y dextrometorfano",Tabcin Active,cápsulas de gel; seguir instrucciones del empaque,Libre venta en México (OTC; no requiere receta),"Enfermedad hepática grave, hipertensión no controlada, glaucoma, inhibidores de la MAO, medicamentos serotoninérgicos, alcohol, sedantes o uso simultáneo de otros productos con paracetamol",NO,Fabricante; PLM; registro sanitario COFEPRIS 
respiratorio_gripe,antigripal,síntomas nocturnos de gripe con tos y congestión,antigripal nocturno y antitusivo,"paracetamol, fenilefrina, dextrometorfano y doxilamina",Tabcin Noche,cápsulas de gel; seguir instrucciones del empaque,Libre venta en México (OTC; no requiere receta),"Enfermedad hepática grave, glaucoma, retención urinaria, hipertensión no controlada, inhibidores de la MAO, alcohol, sedantes o actividades que requieran estar alerta; puede causar somnolencia intensa",NO,Fabricante; PLM; registro sanitario COFEPRIS 
respiratorio_gripe,antigripal,"resfriado o gripe con dolor, fiebre y congestión nasal",antigripal multisíntoma,"paracetamol, fenilefrina y clorfenamina",Desenfriol D,tabletas; seguir instrucciones del empaque,Libre venta en México (OTC; no requiere receta),"Enfermedad hepática grave, hipertensión no controlada, cardiopatía, glaucoma, hipertiroidismo, inhibidores de la MAO, alcohol o uso simultáneo de productos con paracetamol; puede causar somnolencia",NO,Fabricante; farmacia minorista nacional; registro sanitario COFEPRIS 
respiratorio_gripe,antigripal,"resfriado con congestión, dolor y síntomas alérgicos","antigripal, antihistamínico y descongestionante","loratadina, fenilefrina y paracetamol",Sensibit D NF,tabletas; seguir instrucciones del empaque,Libre venta en México (OTC; no requiere receta),"Enfermedad hepática grave, hipertensión no controlada, cardiopatía, glaucoma, hipertiroidismo, inhibidores de la MAO o duplicidad de paracetamol; consultar durante embarazo o lactancia",NO,PLM; registro sanitario COFEPRIS 
respiratorio_gripe,antigripal,"congestión, escurrimiento nasal y fiebre por resfriado","antigripal, antihistamínico y descongestionante","paracetamol, fenilefrina y clorfenamina",Rinofren,solución oral; seguir instrucciones del empaque,Libre venta en México (OTC; no requiere receta),"Enfermedad hepática grave, hipertensión no controlada, glaucoma, hipertiroidismo, retención urinaria, inhibidores de la MAO o duplicidad de paracetamol; puede causar somnolencia",NO,PLM; registro sanitario COFEPRIS 
respiratorio_gripe,antihistaminico,rinitis alérgica con congestión nasal,antihistamínico y descongestionante oral,loratadina y fenilefrina,Clarityne D,tabletas; seguir instrucciones del empaque,Libre venta en México (OTC; no requiere receta),"Hipertensión no controlada, cardiopatía grave, glaucoma, hipertiroidismo, retención urinaria, inhibidores de la MAO, embarazo o lactancia sin orientación profesional",NO,PLM; registro sanitario COFEPRIS 
respiratorio_gripe,antitusivo_mucolitico,tos seca o con flemas asociada a resfriado,antitusivo y mucolítico,dextrometorfano y ambroxol,Histiacil NF Adultos,jarabe; seguir instrucciones del empaque,Libre venta en México (OTC; no requiere receta),"Alergia a los componentes, inhibidores de la MAO, medicamentos serotoninérgicos, alcohol, embarazo o lactancia sin orientación profesional, tos crónica por asma, tabaquismo o enfermedad pulmonar sin valoración médica",NO,Fabricante; PLM; farmacia minorista nacional 
respiratorio_gripe,antitusivo_mucolitico,tos seca nocturna o tos con secreciones espesas,antitusivo y mucolítico,dextrometorfano y ambroxol,Mucosolvan Dual,jarabe; seguir instrucciones del empaque,Libre venta en México (OTC; no requiere receta),"Alergia a los componentes, inhibidores de la MAO, medicamentos serotoninérgicos, enfermedad hepática o renal grave, antecedentes de reacciones cutáneas graves, embarazo o lactancia sin orientación profesional",NO,PLM; registro sanitario COFEPRIS 
respiratorio_gripe,antitusivo_mucolitico,tos seca o con flemas y congestión del pecho,antitusivo y expectorante,dextrometorfano y guaifenesina,Tukol-D Adulto,jarabe; seguir instrucciones del empaque,Libre venta en México (OTC; no requiere receta),"Alergia a los componentes, inhibidores de la MAO, medicamentos serotoninérgicos, alcohol, gastritis o úlcera activa, embarazo o lactancia sin orientación profesional, tos crónica sin valoración médica",NO,PLM; fabricante; farmacia minorista nacional 
respiratorio_gripe,antitusivo_mucolitico,tos seca o con flemas en población pediátrica,antitusivo y expectorante,dextrometorfano y guaifenesina,Tukol-D Infantil,jarabe infantil; seguir instrucciones del empaque,Libre venta en México (OTC; no requiere receta),"No usar fuera de la edad indicada en el empaque; alergia a los componentes, inhibidores de la MAO, medicamentos serotoninérgicos, tos crónica o enfermedad respiratoria sin valoración pediátrica",NO,PLM; fabricante; registro sanitario COFEPRIS 
respiratorio_gripe,antitusivo_mucolitico,tos con flemas espesas,mucolítico y expectorante,ambroxol,Mucosolvan,solución oral; seguir instrucciones del empaque,Libre venta en México (OTC; no requiere receta),"Alergia al ambroxol, enfermedad hepática o renal grave, antecedentes de reacciones cutáneas graves, úlcera activa, embarazo o lactancia sin orientación profesional",NO,PLM; registro sanitario COFEPRIS 
respiratorio_gripe,antitusivo_mucolitico,tos productiva con mucosidad difícil de expulsar,mucolítico y expectorante,bromhexina,Bisolvon,solución oral; seguir instrucciones del empaque,Libre venta en México (OTC; no requiere receta),"Alergia a la bromhexina, úlcera gastrointestinal activa, enfermedad hepática o renal grave, antecedentes de reacciones cutáneas graves, embarazo o lactancia sin orientación profesional",NO,PLM; farmacia minorista nacional; registro sanitario COFEPRIS 
respiratorio_gripe,antitusivo_mucolitico,tos con flemas asociada a resfriado,mucolítico y expectorante,ambroxol,Ambroxol genérico,solución oral; seguir instrucciones del empaque,Libre venta en México (OTC; no requiere receta),"Alergia al ambroxol, enfermedad hepática o renal grave, úlcera activa, antecedentes de reacciones cutáneas graves, embarazo o lactancia sin orientación profesional",NO,PLM; Cuadro Básico CSG; registro sanitario COFEPRIS 
respiratorio_gripe,antitusivo_mucolitico,tos seca irritativa asociada al resfriado,antitusivo,dextrometorfano,Dextrometorfano genérico,jarabe; seguir instrucciones del empaque,Libre venta en México (OTC; no requiere receta),"Inhibidores de la MAO, medicamentos serotoninérgicos, alergia al componente, alcohol, tos crónica por asma, tabaquismo o enfermedad pulmonar, embarazo o lactancia sin orientación profesional",NO,Catálogo de medicamentos genéricos; COFEPRIS; referencia farmacológica 
respiratorio_gripe,antitusivo_mucolitico,tos con sangre,antitusivo,dextrometorfano,Dextrometorfano genérico,jarabe; seguir instrucciones del empaque,Libre venta en México (OTC; no requiere receta),"No automedicarse ni usar para retrasar atención médica inmediata; la tos con sangre puede indicar infección grave, embolia, lesión pulmonar u otra emergencia",SI,Catálogo de medicamentos genéricos; COFEPRIS; referencia farmacológica 
respiratorio_gripe,antigripal,fiebre alta prolongada con tos o síntomas respiratorios,antigripal multisíntoma,"paracetamol, fenilefrina y clorfenamina",XL-3,tabletas; seguir instrucciones del empaque,Libre venta en México (OTC; no requiere receta),"No usar para retrasar valoración médica urgente; además evitar en enfermedad hepática grave, hipertensión no controlada, glaucoma, inhibidores de la MAO o duplicidad de paracetamol",SI,PLM; registro sanitario COFEPRIS 
respiratorio_gripe,descongestionante_nasal,congestión nasal por resfriado o alergia,descongestionante nasal tópico,oximetazolina,Afrin Adulto,solución nasal en atomizador; seguir instrucciones del empaque,Libre venta en México (OTC; no requiere receta),"Hipertensión, cardiopatía, glaucoma de ángulo cerrado, hipertiroidismo, inhibidores de la MAO, embarazo o lactancia sin orientación profesional; el uso prolongado puede causar congestión de rebote",NO,PLM; farmacia minorista nacional; registro sanitario COFEPRIS 
respiratorio_gripe,descongestionante_nasal,congestión nasal con resequedad,descongestionante nasal tópico,oximetazolina,Afrin No Drip,suspensión nasal en atomizador; seguir instrucciones del empaque,Libre venta en México (OTC; no requiere receta),"Hipertensión, cardiopatía, glaucoma de ángulo cerrado, hipertiroidismo, inhibidores de la MAO, embarazo o lactancia sin orientación profesional; evitar uso prolongado por congestión de rebote",NO,PLM; registro sanitario COFEPRIS 
respiratorio_gripe,descongestionante_nasal,"congestión nasal por resfriado, sinusitis o alergia",descongestionante nasal tópico,oximetazolina,Iliadin Adulto,solución nasal en atomizador; seguir instrucciones del empaque,Libre venta en México (OTC; no requiere receta),"Rinitis atrófica, hipertensión, cardiopatía, glaucoma, hipertiroidismo, inhibidores de la MAO, embarazo o lactancia sin orientación profesional; evitar uso prolongado",NO,PLM; farmacia minorista nacional; registro sanitario COFEPRIS 
respiratorio_gripe,descongestionante_nasal,congestión nasal infantil por resfriado o alergia,descongestionante nasal tópico,oximetazolina,Iliadin Pediátrico,solución nasal pediátrica; seguir instrucciones del empaque,Libre venta en México (OTC; no requiere receta),"No usar fuera de la edad indicada en el empaque; rinitis atrófica, cardiopatía, hipertensión, glaucoma o uso prolongado; la administración debe ser supervisada por un adulto",NO,PLM; registro sanitario COFEPRIS 
respiratorio_gripe,descongestionante_nasal,congestión nasal por resfriado o rinitis alérgica,descongestionante nasal tópico,nafazolina,Gotinal Adulto,solución nasal en atomizador; seguir instrucciones del empaque,Libre venta en México (OTC; no requiere receta),"Cardiopatía, hipertensión, hipertiroidismo, glaucoma, inhibidores de la MAO, embarazo o lactancia sin orientación profesional; el uso prolongado puede causar congestión de rebote",NO,PLM; registro sanitario COFEPRIS 
respiratorio_gripe,descongestionante_nasal,congestión nasal por resfriado común,descongestionante nasal tópico,oximetazolina,Oximetazolina genérica,solución nasal; seguir instrucciones del empaque,Libre venta en México (OTC; no requiere receta),"Hipertensión, cardiopatía, glaucoma, hipertiroidismo, inhibidores de la MAO, embarazo o lactancia sin orientación profesional; evitar el uso prolongado por riesgo de congestión de rebote",NO,PLM; farmacia minorista nacional; registro sanitario COFEPRIS 
respiratorio_gripe,descongestionante_nasal,congestión acompañada de dificultad para respirar o silbidos intensos,descongestionante nasal tópico,oximetazolina,Afrin Adulto,solución nasal en atomizador; seguir instrucciones del empaque,Libre venta en México (OTC; no requiere receta),"No usar para retrasar atención médica inmediata; la dificultad respiratoria o los silbidos intensos pueden indicar asma grave, anafilaxia, neumonía u obstrucción respiratoria",SI,PLM; registro sanitario COFEPRIS 
respiratorio_gripe,antihistaminico,"alergia estacional con estornudos, escurrimiento nasal y lagrimeo",antihistamínico de segunda generación,loratadina,Clarityne,tabletas; seguir instrucciones del empaque,Libre venta en México (OTC; no requiere receta),"Alergia a la loratadina, enfermedad hepática grave, embarazo o lactancia sin orientación profesional; aunque es poco frecuente, puede causar somnolencia",NO,PLM; registro sanitario COFEPRIS 
respiratorio_gripe,antihistaminico,alergia estacional infantil con estornudos y escurrimiento nasal,antihistamínico de segunda generación,loratadina,Clarityne Jarabe,jarabe; seguir instrucciones del empaque,Libre venta en México (OTC; no requiere receta),"No usar fuera de la edad indicada en el empaque; alergia a la loratadina, enfermedad hepática grave o embarazo y lactancia sin orientación profesional",NO,PLM; registro sanitario COFEPRIS 
respiratorio_gripe,antihistaminico,"rinitis alérgica con comezón nasal, estornudos y lagrimeo",antihistamínico de segunda generación,cetirizina,Zyrtec,tabletas; seguir instrucciones del empaque,Libre venta en México (OTC; no requiere receta),"Alergia a la cetirizina o hidroxizina, insuficiencia renal grave, embarazo o lactancia sin orientación profesional, alcohol o sedantes; puede causar sueño o mareo",NO,PLM; registro sanitario COFEPRIS 
respiratorio_gripe,antihistaminico,alergia infantil con escurrimiento nasal y ojos llorosos,antihistamínico de segunda generación,cetirizina,Zyrtec Solución Infantil,solución oral infantil; seguir instrucciones del empaque,Libre venta en México (OTC; no requiere receta),"No usar fuera de la edad indicada en el empaque; alergia a la cetirizina o hidroxizina, insuficiencia renal grave, alcohol o medicamentos sedantes",NO,PLM; registro sanitario COFEPRIS 
respiratorio_gripe,antihistaminico,rinitis alérgica estacional con estornudos y ojos llorosos,antihistamínico de segunda generación,fexofenadina,Allegra,tabletas; seguir instrucciones del empaque,Libre venta en México (OTC; no requiere receta),"Alergia a la fexofenadina, embarazo o lactancia sin orientación profesional, enfermedad renal grave; separar de antiácidos con aluminio o magnesio y evitar tomar con jugos de fruta",NO,Fabricante; PLM; farmacia minorista nacional 
respiratorio_gripe,antihistaminico,rinitis alérgica infantil,antihistamínico de segunda generación,fexofenadina,Allegra Suspensión,suspensión oral infantil; seguir instrucciones del empaque,Libre venta en México (OTC; no requiere receta),"No usar fuera de la edad indicada en el empaque; alergia a la fexofenadina, enfermedad renal grave o embarazo y lactancia sin orientación profesional",NO,PLM; registro sanitario COFEPRIS 
respiratorio_gripe,antihistaminico,alergia estacional con estornudos y escurrimiento nasal,antihistamínico de segunda generación,loratadina,Loratadina genérica,tabletas; seguir instrucciones del empaque,Libre venta en México (OTC; no requiere receta),"Alergia a la loratadina, enfermedad hepática grave, embarazo o lactancia sin orientación profesional; puede causar somnolencia en algunas personas",NO,PLM; registro sanitario COFEPRIS; referencia farmacológica 
respiratorio_gripe,antihistaminico,alergia estacional con comezón nasal y lagrimeo,antihistamínico de segunda generación,cetirizina,Cetirizina genérica,tabletas; seguir instrucciones del empaque,Libre venta en México (OTC; no requiere receta),"Alergia a la cetirizina o hidroxizina, insuficiencia renal grave, embarazo o lactancia sin orientación profesional, alcohol o sedantes; puede causar somnolencia",NO,PLM; registro sanitario COFEPRIS 
respiratorio_gripe,antihistaminico,alergia estacional con congestión nasal,antihistamínico y descongestionante oral,fexofenadina y fenilefrina,Allegra D,tabletas; seguir instrucciones del empaque,Libre venta en México (OTC; no requiere receta),"Hipertensión no controlada, cardiopatía, glaucoma, hipertiroidismo, inhibidores de la MAO, alergia a la fexofenadina, embarazo o lactancia sin orientación profesional",NO,PLM; farmacia minorista nacional; registro sanitario COFEPRIS 
respiratorio_gripe,antihistaminico,"estornudos, escurrimiento nasal y comezón por alergia",antihistamínico de primera generación,clorfenamina,Clorfenamina genérica,tabletas o jarabe; seguir instrucciones del empaque,Libre venta en México (OTC; no requiere receta),"Glaucoma, retención urinaria, hipertrofia prostática, alcohol, sedantes, embarazo o lactancia sin orientación profesional; puede causar somnolencia y afectar la conducción",NO,Catálogo de medicamentos genéricos; PLM; registro sanitario COFEPRIS 
